0,l4as, found,2022-02-03 23:16:29.723909
1,l4as,", already has scan date recorded for, 2021-11-07",2022-02-03 23:16:29.723909
2,l4gv, found,2022-02-03 23:16:29.723909
3,l4gv,", has new scan date recorded, 2021-11-07",2022-02-03 23:16:29.723909
4,5lxf, found,2022-02-03 23:16:29.723909
5,5lxf,", has new scan date recorded, 2021-11-07",2022-02-03 23:16:29.723909
6,l4ai, found,2022-02-03 23:16:29.723909
7,l4ai,", has new scan date recorded, 2021-11-07",2022-02-03 23:16:29.723909
8,5m2s, found,2022-02-03 23:16:29.723909
9,5l25, found,2022-02-03 23:16:29.723909
10,5l25,", has new scan date recorded, 2021-11-07",2022-02-03 23:16:29.723909
11,l4gu, found,2022-02-03 23:16:29.723909
12,l4gu,", has new scan date recorded, 2021-11-07",2022-02-03 23:16:29.723909
0,l4as, found,2022-02-03 23:16:29.738581
1,l4as,", already has scan date recorded for, 2021-11-07",2022-02-03 23:16:29.738581
2,l4gv, found,2022-02-03 23:16:29.738581
3,l4gv,", has new scan date recorded, 2021-11-07",2022-02-03 23:16:29.738581
4,5lxf, found,2022-02-03 23:16:29.738581
5,5lxf,", has new scan date recorded, 2021-11-07",2022-02-03 23:16:29.738581
6,l4ai, found,2022-02-03 23:16:29.738581
7,l4ai,", has new scan date recorded, 2021-11-07",2022-02-03 23:16:29.738581
8,5m2s, found,2022-02-03 23:16:29.738581
9,5l25, found,2022-02-03 23:16:29.738581
10,5l25,", has new scan date recorded, 2021-11-07",2022-02-03 23:16:29.738581
11,l4gu, found,2022-02-03 23:16:29.738581
12,l4gu,", has new scan date recorded, 2021-11-07",2022-02-03 23:16:29.738581
0,l4gu, found,2022-02-03 23:19:37.639730
1,l4gu,", already has scan date recorded for, 2021-11-07",2022-02-03 23:19:37.639730
2,5m23, found,2022-02-03 23:19:37.639730
3,5m23,", has new scan date recorded, 2021-11-07",2022-02-03 23:19:37.639730
4,5lxi, found,2022-02-03 23:19:37.639730
5,5lxi,", has new scan date recorded, 2021-11-07",2022-02-03 23:19:37.639730
6,f3t3, found,2022-02-03 23:19:37.639730
7,f3t3,", has new scan date recorded, 2021-11-07",2022-02-03 23:19:37.639730
8,l4gt, found,2022-02-03 23:19:37.639730
9,l4gt,", has new scan date recorded, 2021-11-07",2022-02-03 23:19:37.639730
10,l4al, found,2022-02-03 23:19:37.639730
11,l4al,", has new scan date recorded, 2021-11-07",2022-02-03 23:19:37.639730
12,fsjb, found,2022-02-03 23:19:37.639730
13,fsjb,", has new scan date recorded, 2021-11-07",2022-02-03 23:19:37.639730
14,fsjc, found,2022-02-03 23:19:37.639730
15,fsjc,", has new scan date recorded, 2021-11-07",2022-02-03 23:19:37.639730
16,bv2y, found,2022-02-03 23:19:37.639730
17,bv2y,", has new scan date recorded, 2021-11-07",2022-02-03 23:19:37.639730
18,buv9, found,2022-02-03 23:19:37.639730
19,buv9,", has new scan date recorded, 2021-11-07",2022-02-03 23:19:37.639730
0,l4gu, found,2022-02-03 23:19:39.107753
1,l4gu,", already has scan date recorded for, 2021-11-07",2022-02-03 23:19:39.107753
2,5m23, found,2022-02-03 23:19:39.107753
3,5m23,", has new scan date recorded, 2021-11-07",2022-02-03 23:19:39.107753
4,5lxi, found,2022-02-03 23:19:39.107753
5,5lxi,", has new scan date recorded, 2021-11-07",2022-02-03 23:19:39.107753
6,f3t3, found,2022-02-03 23:19:39.107753
7,f3t3,", has new scan date recorded, 2021-11-07",2022-02-03 23:19:39.107753
8,l4gt, found,2022-02-03 23:19:39.107753
9,l4gt,", has new scan date recorded, 2021-11-07",2022-02-03 23:19:39.107753
10,l4al, found,2022-02-03 23:19:39.107753
11,l4al,", has new scan date recorded, 2021-11-07",2022-02-03 23:19:39.107753
12,fsjb, found,2022-02-03 23:19:39.107753
13,fsjb,", has new scan date recorded, 2021-11-07",2022-02-03 23:19:39.107753
14,fsjc, found,2022-02-03 23:19:39.107753
15,fsjc,", has new scan date recorded, 2021-11-07",2022-02-03 23:19:39.107753
16,bv2y, found,2022-02-03 23:19:39.107753
17,bv2y,", has new scan date recorded, 2021-11-07",2022-02-03 23:19:39.107753
18,buv9, found,2022-02-03 23:19:39.107753
19,buv9,", has new scan date recorded, 2021-11-07",2022-02-03 23:19:39.107753
20,bv2y, found,2022-02-03 23:19:39.107753
21,bv2y,", already has scan date recorded for, 2021-11-07",2022-02-03 23:19:39.107753
22,buv9, found,2022-02-03 23:19:39.107753
23,buv9,", already has scan date recorded for, 2021-11-07",2022-02-03 23:19:39.107753
0,l4gu, found,2022-02-03 23:19:45.346563
1,l4gu,", already has scan date recorded for, 2021-11-07",2022-02-03 23:19:45.346563
2,5m23, found,2022-02-03 23:19:45.346563
3,5m23,", has new scan date recorded, 2021-11-07",2022-02-03 23:19:45.346563
4,5lxi, found,2022-02-03 23:19:45.346563
5,5lxi,", has new scan date recorded, 2021-11-07",2022-02-03 23:19:45.346563
6,f3t3, found,2022-02-03 23:19:45.346563
7,f3t3,", has new scan date recorded, 2021-11-07",2022-02-03 23:19:45.346563
8,l4gt, found,2022-02-03 23:19:45.346563
9,l4gt,", has new scan date recorded, 2021-11-07",2022-02-03 23:19:45.346563
10,l4al, found,2022-02-03 23:19:45.346563
11,l4al,", has new scan date recorded, 2021-11-07",2022-02-03 23:19:45.346563
12,fsjb, found,2022-02-03 23:19:45.346563
13,fsjb,", has new scan date recorded, 2021-11-07",2022-02-03 23:19:45.346563
14,fsjc, found,2022-02-03 23:19:45.346563
15,fsjc,", has new scan date recorded, 2021-11-07",2022-02-03 23:19:45.346563
16,bv2y, found,2022-02-03 23:19:45.346563
17,bv2y,", has new scan date recorded, 2021-11-07",2022-02-03 23:19:45.346563
18,buv9, found,2022-02-03 23:19:45.346563
19,buv9,", has new scan date recorded, 2021-11-07",2022-02-03 23:19:45.346563
20,bv2y, found,2022-02-03 23:19:45.346563
21,bv2y,", already has scan date recorded for, 2021-11-07",2022-02-03 23:19:45.346563
22,buv9, found,2022-02-03 23:19:45.346563
23,buv9,", already has scan date recorded for, 2021-11-07",2022-02-03 23:19:45.346563
24,bv2y, found,2022-02-03 23:19:45.346563
25,bv2y,", already has scan date recorded for, 2021-11-07",2022-02-03 23:19:45.346563
26,buv9, found,2022-02-03 23:19:45.346563
27,buv9,", already has scan date recorded for, 2021-11-07",2022-02-03 23:19:45.346563
0,l4gu, found,2022-02-03 23:19:46.602697
1,l4gu,", already has scan date recorded for, 2021-11-07",2022-02-03 23:19:46.602697
2,5m23, found,2022-02-03 23:19:46.602697
3,5m23,", has new scan date recorded, 2021-11-07",2022-02-03 23:19:46.602697
4,5lxi, found,2022-02-03 23:19:46.602697
5,5lxi,", has new scan date recorded, 2021-11-07",2022-02-03 23:19:46.602697
6,f3t3, found,2022-02-03 23:19:46.602697
7,f3t3,", has new scan date recorded, 2021-11-07",2022-02-03 23:19:46.602697
8,l4gt, found,2022-02-03 23:19:46.602697
9,l4gt,", has new scan date recorded, 2021-11-07",2022-02-03 23:19:46.602697
10,l4al, found,2022-02-03 23:19:46.602697
11,l4al,", has new scan date recorded, 2021-11-07",2022-02-03 23:19:46.602697
12,fsjb, found,2022-02-03 23:19:46.602697
13,fsjb,", has new scan date recorded, 2021-11-07",2022-02-03 23:19:46.602697
14,fsjc, found,2022-02-03 23:19:46.602697
15,fsjc,", has new scan date recorded, 2021-11-07",2022-02-03 23:19:46.602697
16,bv2y, found,2022-02-03 23:19:46.602697
17,bv2y,", has new scan date recorded, 2021-11-07",2022-02-03 23:19:46.602697
18,buv9, found,2022-02-03 23:19:46.602697
19,buv9,", has new scan date recorded, 2021-11-07",2022-02-03 23:19:46.602697
20,bv2y, found,2022-02-03 23:19:46.602697
21,bv2y,", already has scan date recorded for, 2021-11-07",2022-02-03 23:19:46.602697
22,buv9, found,2022-02-03 23:19:46.602697
23,buv9,", already has scan date recorded for, 2021-11-07",2022-02-03 23:19:46.602697
24,bv2y, found,2022-02-03 23:19:46.602697
25,bv2y,", already has scan date recorded for, 2021-11-07",2022-02-03 23:19:46.602697
26,buv9, found,2022-02-03 23:19:46.602697
27,buv9,", already has scan date recorded for, 2021-11-07",2022-02-03 23:19:46.602697
28,bv2y, found,2022-02-03 23:19:46.602697
29,bv2y,", already has scan date recorded for, 2021-11-07",2022-02-03 23:19:46.602697
30,buv9, found,2022-02-03 23:19:46.602697
31,buv9,", already has scan date recorded for, 2021-11-07",2022-02-03 23:19:46.602697
0,buv9, found,2022-02-03 23:36:17.933720
1,buv9,", already has scan date recorded for, 2021-11-07",2022-02-03 23:36:17.933720
2,l4gb, found,2022-02-03 23:36:17.933720
3,l4gb,", has new scan date recorded, 2021-11-07",2022-02-03 23:36:17.933720
4,l4az, found,2022-02-03 23:36:17.933720
5,l4az,", has new scan date recorded, 2021-11-07",2022-02-03 23:36:17.933720
6,5m71, found,2022-02-03 23:36:17.933720
7,5m71,", has new scan date recorded, 2021-11-07",2022-02-03 23:36:17.933720
8,kecv, found,2022-02-03 23:36:17.933720
9,l4js, found,2022-02-03 23:36:17.933720
10,eiwh, found,2022-02-03 23:36:17.933720
11,eiwh,", has new scan date recorded, 2021-11-07",2022-02-03 23:36:17.933720
12,bu8x, found,2022-02-03 23:36:17.933720
13,f3tt, found,2022-02-03 23:36:17.933720
14,f3tt,", has new scan date recorded, 2021-11-07",2022-02-03 23:36:17.933720
15,f3ti, found,2022-02-03 23:36:17.933720
16,f3ti,", has new scan date recorded, 2021-11-07",2022-02-03 23:36:17.933720
0,buv9, found,2022-02-03 23:36:17.950797
1,buv9,", already has scan date recorded for, 2021-11-07",2022-02-03 23:36:17.950797
2,l4gb, found,2022-02-03 23:36:17.950797
3,l4gb,", has new scan date recorded, 2021-11-07",2022-02-03 23:36:17.950797
4,l4az, found,2022-02-03 23:36:17.950797
5,l4az,", has new scan date recorded, 2021-11-07",2022-02-03 23:36:17.950797
6,5m71, found,2022-02-03 23:36:17.950797
7,5m71,", has new scan date recorded, 2021-11-07",2022-02-03 23:36:17.950797
8,kecv, found,2022-02-03 23:36:17.950797
9,l4js, found,2022-02-03 23:36:17.950797
10,eiwh, found,2022-02-03 23:36:17.950797
11,eiwh,", has new scan date recorded, 2021-11-07",2022-02-03 23:36:17.950797
12,bu8x, found,2022-02-03 23:36:17.950797
13,f3tt, found,2022-02-03 23:36:17.950797
14,f3tt,", has new scan date recorded, 2021-11-07",2022-02-03 23:36:17.950797
15,f3ti, found,2022-02-03 23:36:17.950797
16,f3ti,", has new scan date recorded, 2021-11-07",2022-02-03 23:36:17.950797
0,f3ti, found,2022-02-03 23:39:27.418979
1,f3ti,", already has scan date recorded for, 2021-11-07",2022-02-03 23:39:27.418979
2,f3ti, found,2022-02-03 23:39:27.418979
3,f3ti,", already has scan date recorded for, 2021-11-07",2022-02-03 23:39:27.418979
4,5m38, found,2022-02-03 23:39:27.418979
5,5m38,", has new scan date recorded, 2021-11-07",2022-02-03 23:39:27.418979
6,f3te, found,2022-02-03 23:39:27.418979
7,f3te,", has new scan date recorded, 2021-11-07",2022-02-03 23:39:27.418979
8,eiwv, found,2022-02-03 23:39:27.418979
9,eiwv,", has new scan date recorded, 2021-11-07",2022-02-03 23:39:27.418979
10,eiwx, found,2022-02-03 23:39:27.418979
11,eiwx,", has new scan date recorded, 2021-11-07",2022-02-03 23:39:27.418979
12,5m31, found,2022-02-03 23:39:27.418979
13,chcc, found,2022-02-03 23:39:27.418979
14,chcc,", has new scan date recorded, 2021-11-07",2022-02-03 23:39:27.418979
15,l4gh, found,2022-02-03 23:39:27.418979
16,l4gh,", has new scan date recorded, 2021-11-07",2022-02-03 23:39:27.418979
17,5m6z, found,2022-02-03 23:39:27.418979
18,5m6z,", has new scan date recorded, 2021-11-07",2022-02-03 23:39:27.418979
19,l4jz, found,2022-02-03 23:39:27.418979
20,l4jz,", has new scan date recorded, 2021-11-07",2022-02-03 23:39:27.418979
0,f3ti, found,2022-02-03 23:39:27.435683
1,f3ti,", already has scan date recorded for, 2021-11-07",2022-02-03 23:39:27.435683
2,f3ti, found,2022-02-03 23:39:27.435683
3,f3ti,", already has scan date recorded for, 2021-11-07",2022-02-03 23:39:27.435683
4,5m38, found,2022-02-03 23:39:27.435683
5,5m38,", has new scan date recorded, 2021-11-07",2022-02-03 23:39:27.435683
6,f3te, found,2022-02-03 23:39:27.435683
7,f3te,", has new scan date recorded, 2021-11-07",2022-02-03 23:39:27.435683
8,eiwv, found,2022-02-03 23:39:27.435683
9,eiwv,", has new scan date recorded, 2021-11-07",2022-02-03 23:39:27.435683
10,eiwx, found,2022-02-03 23:39:27.435683
11,eiwx,", has new scan date recorded, 2021-11-07",2022-02-03 23:39:27.435683
12,5m31, found,2022-02-03 23:39:27.435683
13,chcc, found,2022-02-03 23:39:27.435683
14,chcc,", has new scan date recorded, 2021-11-07",2022-02-03 23:39:27.435683
15,l4gh, found,2022-02-03 23:39:27.435683
16,l4gh,", has new scan date recorded, 2021-11-07",2022-02-03 23:39:27.435683
17,5m6z, found,2022-02-03 23:39:27.435683
18,5m6z,", has new scan date recorded, 2021-11-07",2022-02-03 23:39:27.435683
19,l4jz, found,2022-02-03 23:39:27.435683
20,l4jz,", has new scan date recorded, 2021-11-07",2022-02-03 23:39:27.435683
0,l4jz, found,2022-02-03 23:43:52.867453
1,l4jz,", already has scan date recorded for, 2021-11-07",2022-02-03 23:43:52.867453
2,5m9v, found,2022-02-03 23:43:52.867453
3,5m9v,", has new scan date recorded, 2021-11-07",2022-02-03 23:43:52.867453
4,5m9w, found,2022-02-03 23:43:52.867453
5,5m9w,", has new scan date recorded, 2021-11-07",2022-02-03 23:43:52.867453
6,l4j3, found,2022-02-03 23:43:52.867453
7,l4j3,", has new scan date recorded, 2021-11-07",2022-02-03 23:43:52.867453
8,l4j4, found,2022-02-03 23:43:52.867453
9,l4j4,", has new scan date recorded, 2021-11-07",2022-02-03 23:43:52.867453
10,anyp, found,2022-02-03 23:43:52.867453
11,anyp,", has new scan date recorded, 2021-11-07",2022-02-03 23:43:52.867453
12,ao3p, found,2022-02-03 23:43:52.867453
13,ao3p,", has new scan date recorded, 2021-11-07",2022-02-03 23:43:52.867453
14,jfw, found,2022-02-03 23:43:52.867453
15,5m51, found,2022-02-03 23:43:52.867453
16,5m51,", has new scan date recorded, 2021-11-07",2022-02-03 23:43:52.867453
17,l49e, found,2022-02-03 23:43:52.867453
18,l49e,", has new scan date recorded, 2021-11-07",2022-02-03 23:43:52.867453
19,5m50, found,2022-02-03 23:43:52.867453
20,5m50,", has new scan date recorded, 2021-11-07",2022-02-03 23:43:52.867453
21,kecx, found,2022-02-03 23:43:52.867453
22,kecw, found,2022-02-03 23:43:52.867453
23,kecy, found,2022-02-03 23:43:52.867453
24,gehk, found,2022-02-03 23:43:52.867453
25,gehk,", has new scan date recorded, 2021-11-07",2022-02-03 23:43:52.867453
26,5m12, found,2022-02-03 23:43:52.867453
27,5m12,", has new scan date recorded, 2021-11-07",2022-02-03 23:43:52.867453
28,51ws, found,2022-02-03 23:43:52.867453
29,51x6, found,2022-02-03 23:43:52.867453
30,5lwp, found,2022-02-03 23:43:52.867453
31,5lwp,", has new scan date recorded, 2021-11-07",2022-02-03 23:43:52.867453
32,5m1p, found,2022-02-03 23:43:52.867453
33,5m1p,", has new scan date recorded, 2021-11-07",2022-02-03 23:43:52.867453
0,l4jz, found,2022-02-03 23:43:52.889266
1,l4jz,", already has scan date recorded for, 2021-11-07",2022-02-03 23:43:52.889266
2,5m9v, found,2022-02-03 23:43:52.889266
3,5m9v,", has new scan date recorded, 2021-11-07",2022-02-03 23:43:52.889266
4,5m9w, found,2022-02-03 23:43:52.889266
5,5m9w,", has new scan date recorded, 2021-11-07",2022-02-03 23:43:52.889266
6,l4j3, found,2022-02-03 23:43:52.889266
7,l4j3,", has new scan date recorded, 2021-11-07",2022-02-03 23:43:52.889266
8,l4j4, found,2022-02-03 23:43:52.889266
9,l4j4,", has new scan date recorded, 2021-11-07",2022-02-03 23:43:52.889266
10,anyp, found,2022-02-03 23:43:52.889266
11,anyp,", has new scan date recorded, 2021-11-07",2022-02-03 23:43:52.889266
12,ao3p, found,2022-02-03 23:43:52.889266
13,ao3p,", has new scan date recorded, 2021-11-07",2022-02-03 23:43:52.889266
14,jfw, found,2022-02-03 23:43:52.889266
15,5m51, found,2022-02-03 23:43:52.889266
16,5m51,", has new scan date recorded, 2021-11-07",2022-02-03 23:43:52.889266
17,l49e, found,2022-02-03 23:43:52.889266
18,l49e,", has new scan date recorded, 2021-11-07",2022-02-03 23:43:52.889266
19,5m50, found,2022-02-03 23:43:52.889266
20,5m50,", has new scan date recorded, 2021-11-07",2022-02-03 23:43:52.889266
21,kecx, found,2022-02-03 23:43:52.889266
22,kecw, found,2022-02-03 23:43:52.889266
23,kecy, found,2022-02-03 23:43:52.889266
24,gehk, found,2022-02-03 23:43:52.889266
25,gehk,", has new scan date recorded, 2021-11-07",2022-02-03 23:43:52.889266
26,5m12, found,2022-02-03 23:43:52.889266
27,5m12,", has new scan date recorded, 2021-11-07",2022-02-03 23:43:52.889266
28,51ws, found,2022-02-03 23:43:52.889266
29,51x6, found,2022-02-03 23:43:52.889266
30,5lwp, found,2022-02-03 23:43:52.889266
31,5lwp,", has new scan date recorded, 2021-11-07",2022-02-03 23:43:52.889266
32,5m1p, found,2022-02-03 23:43:52.889266
33,5m1p,", has new scan date recorded, 2021-11-07",2022-02-03 23:43:52.889266
0,5m1p, found,2022-02-03 23:46:04.550755
1,5m1p,", already has scan date recorded for, 2021-11-07",2022-02-03 23:46:04.550755
2,5ly0, found,2022-02-03 23:46:04.550755
3,5ly0,", has new scan date recorded, 2021-11-07",2022-02-03 23:46:04.550755
4,ikp4, found,2022-02-03 23:46:04.550755
5,5lzk, found,2022-02-03 23:46:04.550755
6,5lzk,", has new scan date recorded, 2021-11-07",2022-02-03 23:46:04.550755
7,5m0f, found,2022-02-03 23:46:04.550755
8,5m0f,", has new scan date recorded, 2021-11-07",2022-02-03 23:46:04.550755
9,5lxh, found,2022-02-03 23:46:04.550755
10,5lxh,", has new scan date recorded, 2021-11-07",2022-02-03 23:46:04.550755
11,5lwn, found,2022-02-03 23:46:04.550755
12,5lwn,", has new scan date recorded, 2021-11-07",2022-02-03 23:46:04.550755
13,5lxe, found,2022-02-03 23:46:04.550755
14,5lxe,", has new scan date recorded, 2021-11-07",2022-02-03 23:46:04.550755
15,5lx9, found,2022-02-03 23:46:04.550755
16,5lx9,", has new scan date recorded, 2021-11-07",2022-02-03 23:46:04.550755
17,5lxa, found,2022-02-03 23:46:04.550755
18,5lxa,", has new scan date recorded, 2021-11-07",2022-02-03 23:46:04.550755
19,5lxu, found,2022-02-03 23:46:04.550755
20,5lxu,", has new scan date recorded, 2021-11-07",2022-02-03 23:46:04.550755
21,5lyo, found,2022-02-03 23:46:04.550755
22,5lyo,", has new scan date recorded, 2021-11-07",2022-02-03 23:46:04.550755
23,5lyi, found,2022-02-03 23:46:04.550755
24,l4ht, found,2022-02-03 23:46:04.550755
25,jfv, found,2022-02-03 23:46:04.550755
26,5m52, found,2022-02-03 23:46:04.550755
27,5m52,", has new scan date recorded, 2021-11-07",2022-02-03 23:46:04.550755
28,l49p, found,2022-02-03 23:46:04.550755
29,l49p,", has new scan date recorded, 2021-11-07",2022-02-03 23:46:04.550755
30,kecz, found,2022-02-03 23:46:04.550755
31,j90, found,2022-02-03 23:46:04.550755
32,jfq, found,2022-02-03 23:46:04.550755
33,jfk, found,2022-02-03 23:46:04.550755
34,jfr, found,2022-02-03 23:46:04.550755
35,jfo, found,2022-02-03 23:46:04.550755
36,l49l, found,2022-02-03 23:46:04.550755
37,l49l,", has new scan date recorded, 2021-11-07",2022-02-03 23:46:04.550755
38,jfz, found,2022-02-03 23:46:04.550755
39,5lx2, found,2022-02-03 23:46:04.550755
40,5lx2,", has new scan date recorded, 2021-11-07",2022-02-03 23:46:04.550755
41,l4hp, found,2022-02-03 23:46:04.550755
42,5lxx, found,2022-02-03 23:46:04.550755
43,5lxx,", has new scan date recorded, 2021-11-07",2022-02-03 23:46:04.550755
44,5m63, found,2022-02-03 23:46:04.550755
45,5m63,", has new scan date recorded, 2021-11-07",2022-02-03 23:46:04.550755
46,5m5l, found,2022-02-03 23:46:04.550755
47,5m5l,", has new scan date recorded, 2021-11-07",2022-02-03 23:46:04.550755
48,5m6s, found,2022-02-03 23:46:04.550755
49,5m6s,", has new scan date recorded, 2021-11-07",2022-02-03 23:46:04.550755
0,5m1p, found,2022-02-03 23:46:04.582495
1,5m1p,", already has scan date recorded for, 2021-11-07",2022-02-03 23:46:04.582495
2,5ly0, found,2022-02-03 23:46:04.582495
3,5ly0,", has new scan date recorded, 2021-11-07",2022-02-03 23:46:04.582495
4,ikp4, found,2022-02-03 23:46:04.582495
5,5lzk, found,2022-02-03 23:46:04.582495
6,5lzk,", has new scan date recorded, 2021-11-07",2022-02-03 23:46:04.582495
7,5m0f, found,2022-02-03 23:46:04.582495
8,5m0f,", has new scan date recorded, 2021-11-07",2022-02-03 23:46:04.582495
9,5lxh, found,2022-02-03 23:46:04.582495
10,5lxh,", has new scan date recorded, 2021-11-07",2022-02-03 23:46:04.582495
11,5lwn, found,2022-02-03 23:46:04.582495
12,5lwn,", has new scan date recorded, 2021-11-07",2022-02-03 23:46:04.582495
13,5lxe, found,2022-02-03 23:46:04.582495
14,5lxe,", has new scan date recorded, 2021-11-07",2022-02-03 23:46:04.582495
15,5lx9, found,2022-02-03 23:46:04.582495
16,5lx9,", has new scan date recorded, 2021-11-07",2022-02-03 23:46:04.582495
17,5lxa, found,2022-02-03 23:46:04.582495
18,5lxa,", has new scan date recorded, 2021-11-07",2022-02-03 23:46:04.582495
19,5lxu, found,2022-02-03 23:46:04.582495
20,5lxu,", has new scan date recorded, 2021-11-07",2022-02-03 23:46:04.582495
21,5lyo, found,2022-02-03 23:46:04.582495
22,5lyo,", has new scan date recorded, 2021-11-07",2022-02-03 23:46:04.582495
23,5lyi, found,2022-02-03 23:46:04.582495
24,l4ht, found,2022-02-03 23:46:04.582495
25,jfv, found,2022-02-03 23:46:04.582495
26,5m52, found,2022-02-03 23:46:04.582495
27,5m52,", has new scan date recorded, 2021-11-07",2022-02-03 23:46:04.582495
28,l49p, found,2022-02-03 23:46:04.582495
29,l49p,", has new scan date recorded, 2021-11-07",2022-02-03 23:46:04.582495
30,kecz, found,2022-02-03 23:46:04.582495
31,j90, found,2022-02-03 23:46:04.582495
32,jfq, found,2022-02-03 23:46:04.582495
33,jfk, found,2022-02-03 23:46:04.582495
34,jfr, found,2022-02-03 23:46:04.582495
35,jfo, found,2022-02-03 23:46:04.582495
36,l49l, found,2022-02-03 23:46:04.582495
37,l49l,", has new scan date recorded, 2021-11-07",2022-02-03 23:46:04.582495
38,jfz, found,2022-02-03 23:46:04.582495
39,5lx2, found,2022-02-03 23:46:04.582495
40,5lx2,", has new scan date recorded, 2021-11-07",2022-02-03 23:46:04.582495
41,l4hp, found,2022-02-03 23:46:04.582495
42,5lxx, found,2022-02-03 23:46:04.582495
43,5lxx,", has new scan date recorded, 2021-11-07",2022-02-03 23:46:04.582495
44,5m63, found,2022-02-03 23:46:04.582495
45,5m63,", has new scan date recorded, 2021-11-07",2022-02-03 23:46:04.582495
46,5m5l, found,2022-02-03 23:46:04.582495
47,5m5l,", has new scan date recorded, 2021-11-07",2022-02-03 23:46:04.582495
48,5m6s, found,2022-02-03 23:46:04.582495
49,5m6s,", has new scan date recorded, 2021-11-07",2022-02-03 23:46:04.582495
0,jfm, found,2022-02-04 00:03:03.163854
0,jfm, found,2022-02-04 00:03:03.187415
0,jfy, found,2022-02-04 00:06:09.678572
1,jfm, found,2022-02-04 00:06:09.678572
2,l49a, found,2022-02-04 00:06:09.678572
3,l49a,", has new scan date recorded, 2021-11-07",2022-02-04 00:06:09.678572
0,jfy, found,2022-02-04 00:06:09.712430
1,jfm, found,2022-02-04 00:06:09.712430
2,l49a, found,2022-02-04 00:06:09.712430
3,l49a,", has new scan date recorded, 2021-11-07",2022-02-04 00:06:09.712430
0,5lww, found,2022-02-04 00:25:37.487029
1,ypk, found,2022-02-04 00:25:37.487029
2,ypk,", has new scan date recorded, 2021-11-07",2022-02-04 00:25:37.487029
3,ypm, found,2022-02-04 00:25:37.487029
4,ypm,", has new scan date recorded, 2021-11-07",2022-02-04 00:25:37.487029
5,l4is, found,2022-02-04 00:25:37.487029
6,l4is,", has new scan date recorded, 2021-11-07",2022-02-04 00:25:37.487029
7,l4it, found,2022-02-04 00:25:37.487029
8,l4it,", has new scan date recorded, 2021-11-07",2022-02-04 00:25:37.487029
9,5m45, found,2022-02-04 00:25:37.487029
10,5m45,", has new scan date recorded, 2021-11-07",2022-02-04 00:25:37.487029
11,l494, found,2022-02-04 00:25:37.487029
12,l494,", has new scan date recorded, 2021-11-07",2022-02-04 00:25:37.487029
13,5m46, found,2022-02-04 00:25:37.487029
14,5m46,", has new scan date recorded, 2021-11-07",2022-02-04 00:25:37.487029
15,kee7, found,2022-02-04 00:25:37.487029
16,kee6, found,2022-02-04 00:25:37.487029
17,kee8, found,2022-02-04 00:25:37.487029
18,l495, found,2022-02-04 00:25:37.487029
19,l495,", has new scan date recorded, 2021-11-07",2022-02-04 00:25:37.487029
20,l4g7, found,2022-02-04 00:25:37.487029
21,l4g7,", has new scan date recorded, 2021-11-07",2022-02-04 00:25:37.487029
22,g7fx, found,2022-02-04 00:25:37.487029
23,hhoe, found,2022-02-04 00:25:37.487029
24,hhoe,", has new scan date recorded, 2021-11-07",2022-02-04 00:25:37.487029
25,3r40, found,2022-02-04 00:25:37.487029
26,3r40,", has new scan date recorded, 2021-11-07",2022-02-04 00:25:37.487029
27,l4dn, found,2022-02-04 00:25:37.487029
28,l4dn,", has new scan date recorded, 2021-11-07",2022-02-04 00:25:37.487029
29,5m5f, found,2022-02-04 00:25:37.487029
30,5m5f,", has new scan date recorded, 2021-11-07",2022-02-04 00:25:37.487029
31,l4gi, found,2022-02-04 00:25:37.487029
32,l4gi,", has new scan date recorded, 2021-11-07",2022-02-04 00:25:37.487029
33,5m0g, found,2022-02-04 00:25:37.487029
34,5m0g,", has new scan date recorded, 2021-11-07",2022-02-04 00:25:37.487029
35,l4di, found,2022-02-04 00:25:37.487029
36,l4di,", has new scan date recorded, 2021-11-07",2022-02-04 00:25:37.487029
37,5m0q, found,2022-02-04 00:25:37.487029
38,5m0q,", has new scan date recorded, 2021-11-07",2022-02-04 00:25:37.487029
39,5m0k, found,2022-02-04 00:25:37.487029
40,5m0k,", has new scan date recorded, 2021-11-07",2022-02-04 00:25:37.487029
41,l4ho, found,2022-02-04 00:25:37.487029
42,l4ho,", has new scan date recorded, 2021-11-07",2022-02-04 00:25:37.487029
43,g7oe, found,2022-02-04 00:25:37.487029
44,g7oe,", has new scan date recorded, 2021-11-07",2022-02-04 00:25:37.487029
45,l4db, found,2022-02-04 00:25:37.487029
46,l4db,", has new scan date recorded, 2021-11-07",2022-02-04 00:25:37.487029
47,l4gg, found,2022-02-04 00:25:37.487029
48,l4gg,", has new scan date recorded, 2021-11-07",2022-02-04 00:25:37.487029
49,5m9l, found,2022-02-04 00:25:37.487029
50,5m9l,", has new scan date recorded, 2021-11-07",2022-02-04 00:25:37.487029
51,5lyt, found,2022-02-04 00:25:37.487029
52,5lyt,", has new scan date recorded, 2021-11-07",2022-02-04 00:25:37.487029
53,5msn, found,2022-02-04 00:25:37.487029
54,hkcl, found,2022-02-04 00:25:37.487029
55,hkcl,", has new scan date recorded, 2021-11-07",2022-02-04 00:25:37.487029
56,5m49, found,2022-02-04 00:25:37.487029
57,5m49,", has new scan date recorded, 2021-11-07",2022-02-04 00:25:37.487029
58,3vu2, found,2022-02-04 00:25:37.487029
59,3vu2,", has new scan date recorded, 2021-11-07",2022-02-04 00:25:37.487029
60,5m04, found,2022-02-04 00:25:37.487029
61,5m04,", has new scan date recorded, 2021-11-07",2022-02-04 00:25:37.487029
62,3okt, found,2022-02-04 00:25:37.487029
63,l4ev, found,2022-02-04 00:25:37.487029
64,l4ev,", has new scan date recorded, 2021-11-07",2022-02-04 00:25:37.487029
65,kee5, found,2022-02-04 00:25:37.487029
66,l4aa, found,2022-02-04 00:25:37.487029
67,l4aa,", has new scan date recorded, 2021-11-07",2022-02-04 00:25:37.487029
68,5m0d, found,2022-02-04 00:25:37.487029
69,5m0d,", has new scan date recorded, 2021-11-07",2022-02-04 00:25:37.487029
70,5lzu, found,2022-02-04 00:25:37.487029
71,5lzu,", has new scan date recorded, 2021-11-07",2022-02-04 00:25:37.487029
72,5m2o, found,2022-02-04 00:25:37.487029
73,5m2o,", has new scan date recorded, 2021-11-07",2022-02-04 00:25:37.487029
74,l4da, found,2022-02-04 00:25:37.487029
75,l4da,", has new scan date recorded, 2021-11-07",2022-02-04 00:25:37.487029
76,l4e3, found,2022-02-04 00:25:37.487029
77,l4e3,", has new scan date recorded, 2021-11-07",2022-02-04 00:25:37.487029
78,5lzc, found,2022-02-04 00:25:37.487029
79,5lzc,", has new scan date recorded, 2021-11-07",2022-02-04 00:25:37.487029
80,l4i6, found,2022-02-04 00:25:37.487029
81,l4i6,", has new scan date recorded, 2021-11-07",2022-02-04 00:25:37.487029
82,f3t5, found,2022-02-04 00:25:37.487029
83,f3t5,", has new scan date recorded, 2021-11-07",2022-02-04 00:25:37.487029
84,5lyr, found,2022-02-04 00:25:37.487029
85,5lyr,", has new scan date recorded, 2021-11-07",2022-02-04 00:25:37.487029
86,3rt1, found,2022-02-04 00:25:37.487029
87,3rt1,", has new scan date recorded, 2021-11-07",2022-02-04 00:25:37.487029
88,5ly6, found,2022-02-04 00:25:37.487029
89,5ly6,", has new scan date recorded, 2021-11-07",2022-02-04 00:25:37.487029
90,5m0o, found,2022-02-04 00:25:37.487029
91,5m0o,", has new scan date recorded, 2021-11-07",2022-02-04 00:25:37.487029
92,5lyv, found,2022-02-04 00:25:37.487029
93,5lyv,", has new scan date recorded, 2021-11-07",2022-02-04 00:25:37.487029
94,l4ai, found,2022-02-04 00:25:37.487029
95,l4ai,", already has scan date recorded for, 2021-11-07",2022-02-04 00:25:37.487029
96,l4ad, found,2022-02-04 00:25:37.487029
97,l4ad,", has new scan date recorded, 2021-11-07",2022-02-04 00:25:37.487029
98,l4g0, found,2022-02-04 00:25:37.487029
99,l4g0,", has new scan date recorded, 2021-11-07",2022-02-04 00:25:37.487029
100,l4a8, found,2022-02-04 00:25:37.487029
101,l4a8,", has new scan date recorded, 2021-11-07",2022-02-04 00:25:37.487029
102,5m3p, found,2022-02-04 00:25:37.487029
103,5m3p,", has new scan date recorded, 2021-11-07",2022-02-04 00:25:37.487029
104,l4g2, found,2022-02-04 00:25:37.487029
105,l4g2,", has new scan date recorded, 2021-11-07",2022-02-04 00:25:37.487029
106,l4g1, found,2022-02-04 00:25:37.487029
107,l4g1,", has new scan date recorded, 2021-11-07",2022-02-04 00:25:37.487029
108,aokh, found,2022-02-04 00:25:37.487029
109,aokh,", has new scan date recorded, 2021-11-07",2022-02-04 00:25:37.487029
110,bq4u, found,2022-02-04 00:25:37.487029
111,bq4u,", has new scan date recorded, 2021-11-07",2022-02-04 00:25:37.487029
112,gdzu, found,2022-02-04 00:25:37.487029
113,gdzu,", has new scan date recorded, 2021-11-07",2022-02-04 00:25:37.487029
114,bq4r, found,2022-02-04 00:25:37.487029
115,bq4r,", has new scan date recorded, 2021-11-07",2022-02-04 00:25:37.487029
116,l4ij, found,2022-02-04 00:25:37.487029
117,l4ij,", has new scan date recorded, 2021-11-07",2022-02-04 00:25:37.487029
118,ap9c, found,2022-02-04 00:25:37.487029
119,ap9c,", has new scan date recorded, 2021-11-07",2022-02-04 00:25:37.487029
120,keei, found,2022-02-04 00:25:37.487029
121,5m1e, found,2022-02-04 00:25:37.487029
122,5m1e,", has new scan date recorded, 2021-11-07",2022-02-04 00:25:37.487029
123,5m1f, found,2022-02-04 00:25:37.487029
124,5m1f,", has new scan date recorded, 2021-11-07",2022-02-04 00:25:37.487029
125,5m2r, found,2022-02-04 00:25:37.487029
126,5m2r,", has new scan date recorded, 2021-11-07",2022-02-04 00:25:37.487029
127,keek, found,2022-02-04 00:25:37.487029
128,5m1g, found,2022-02-04 00:25:37.487029
129,5m1g,", has new scan date recorded, 2021-11-07",2022-02-04 00:25:37.487029
130,l49w, found,2022-02-04 00:25:37.487029
131,l49w,", has new scan date recorded, 2021-11-07",2022-02-04 00:25:37.487029
132,5m1y, found,2022-02-04 00:25:37.487029
133,5m1y,", has new scan date recorded, 2021-11-07",2022-02-04 00:25:37.487029
134,5m1d, found,2022-02-04 00:25:37.487029
135,5m1d,", has new scan date recorded, 2021-11-07",2022-02-04 00:25:37.487029
136,5lwt, found,2022-02-04 00:25:37.487029
137,5lwt,", has new scan date recorded, 2021-11-07",2022-02-04 00:25:37.487029
138,5m1x, found,2022-02-04 00:25:37.487029
139,5m1x,", has new scan date recorded, 2021-11-07",2022-02-04 00:25:37.487029
140,l49u, found,2022-02-04 00:25:37.487029
141,l49u,", has new scan date recorded, 2021-11-07",2022-02-04 00:25:37.487029
142,keej, found,2022-02-04 00:25:37.487029
143,l49t, found,2022-02-04 00:25:37.487029
144,l49t,", has new scan date recorded, 2021-11-07",2022-02-04 00:25:37.487029
145,5m2p, found,2022-02-04 00:25:37.487029
146,5m2p,", has new scan date recorded, 2021-11-07",2022-02-04 00:25:37.487029
147,5m1h, found,2022-02-04 00:25:37.487029
148,5m1h,", has new scan date recorded, 2021-11-07",2022-02-04 00:25:37.487029
149,l4ii, found,2022-02-04 00:25:37.487029
150,l4ii,", has new scan date recorded, 2021-11-07",2022-02-04 00:25:37.487029
151,aosi, found,2022-02-04 00:25:37.487029
152,aosi,", has new scan date recorded, 2021-11-07",2022-02-04 00:25:37.487029
153,5m1c, found,2022-02-04 00:25:37.487029
154,5m1c,", has new scan date recorded, 2021-11-07",2022-02-04 00:25:37.487029
0,5lww, found,2022-02-04 00:25:37.523233
1,ypk, found,2022-02-04 00:25:37.523233
2,ypk,", has new scan date recorded, 2021-11-07",2022-02-04 00:25:37.523233
3,ypm, found,2022-02-04 00:25:37.523233
4,ypm,", has new scan date recorded, 2021-11-07",2022-02-04 00:25:37.523233
5,l4is, found,2022-02-04 00:25:37.523233
6,l4is,", has new scan date recorded, 2021-11-07",2022-02-04 00:25:37.523233
7,l4it, found,2022-02-04 00:25:37.523233
8,l4it,", has new scan date recorded, 2021-11-07",2022-02-04 00:25:37.523233
9,5m45, found,2022-02-04 00:25:37.523233
10,5m45,", has new scan date recorded, 2021-11-07",2022-02-04 00:25:37.523233
11,l494, found,2022-02-04 00:25:37.523233
12,l494,", has new scan date recorded, 2021-11-07",2022-02-04 00:25:37.523233
13,5m46, found,2022-02-04 00:25:37.523233
14,5m46,", has new scan date recorded, 2021-11-07",2022-02-04 00:25:37.523233
15,kee7, found,2022-02-04 00:25:37.523233
16,kee6, found,2022-02-04 00:25:37.523233
17,kee8, found,2022-02-04 00:25:37.523233
18,l495, found,2022-02-04 00:25:37.523233
19,l495,", has new scan date recorded, 2021-11-07",2022-02-04 00:25:37.523233
20,l4g7, found,2022-02-04 00:25:37.523233
21,l4g7,", has new scan date recorded, 2021-11-07",2022-02-04 00:25:37.523233
22,g7fx, found,2022-02-04 00:25:37.523233
23,hhoe, found,2022-02-04 00:25:37.523233
24,hhoe,", has new scan date recorded, 2021-11-07",2022-02-04 00:25:37.523233
25,3r40, found,2022-02-04 00:25:37.523233
26,3r40,", has new scan date recorded, 2021-11-07",2022-02-04 00:25:37.523233
27,l4dn, found,2022-02-04 00:25:37.523233
28,l4dn,", has new scan date recorded, 2021-11-07",2022-02-04 00:25:37.523233
29,5m5f, found,2022-02-04 00:25:37.523233
30,5m5f,", has new scan date recorded, 2021-11-07",2022-02-04 00:25:37.523233
31,l4gi, found,2022-02-04 00:25:37.523233
32,l4gi,", has new scan date recorded, 2021-11-07",2022-02-04 00:25:37.523233
33,5m0g, found,2022-02-04 00:25:37.523233
34,5m0g,", has new scan date recorded, 2021-11-07",2022-02-04 00:25:37.523233
35,l4di, found,2022-02-04 00:25:37.523233
36,l4di,", has new scan date recorded, 2021-11-07",2022-02-04 00:25:37.523233
37,5m0q, found,2022-02-04 00:25:37.523233
38,5m0q,", has new scan date recorded, 2021-11-07",2022-02-04 00:25:37.523233
39,5m0k, found,2022-02-04 00:25:37.523233
40,5m0k,", has new scan date recorded, 2021-11-07",2022-02-04 00:25:37.523233
41,l4ho, found,2022-02-04 00:25:37.523233
42,l4ho,", has new scan date recorded, 2021-11-07",2022-02-04 00:25:37.523233
43,g7oe, found,2022-02-04 00:25:37.523233
44,g7oe,", has new scan date recorded, 2021-11-07",2022-02-04 00:25:37.523233
45,l4db, found,2022-02-04 00:25:37.523233
46,l4db,", has new scan date recorded, 2021-11-07",2022-02-04 00:25:37.523233
47,l4gg, found,2022-02-04 00:25:37.523233
48,l4gg,", has new scan date recorded, 2021-11-07",2022-02-04 00:25:37.523233
49,5m9l, found,2022-02-04 00:25:37.523233
50,5m9l,", has new scan date recorded, 2021-11-07",2022-02-04 00:25:37.523233
51,5lyt, found,2022-02-04 00:25:37.523233
52,5lyt,", has new scan date recorded, 2021-11-07",2022-02-04 00:25:37.523233
53,5msn, found,2022-02-04 00:25:37.523233
54,hkcl, found,2022-02-04 00:25:37.523233
55,hkcl,", has new scan date recorded, 2021-11-07",2022-02-04 00:25:37.523233
56,5m49, found,2022-02-04 00:25:37.523233
57,5m49,", has new scan date recorded, 2021-11-07",2022-02-04 00:25:37.523233
58,3vu2, found,2022-02-04 00:25:37.523233
59,3vu2,", has new scan date recorded, 2021-11-07",2022-02-04 00:25:37.523233
60,5m04, found,2022-02-04 00:25:37.523233
61,5m04,", has new scan date recorded, 2021-11-07",2022-02-04 00:25:37.523233
62,3okt, found,2022-02-04 00:25:37.523233
63,l4ev, found,2022-02-04 00:25:37.523233
64,l4ev,", has new scan date recorded, 2021-11-07",2022-02-04 00:25:37.523233
65,kee5, found,2022-02-04 00:25:37.523233
66,l4aa, found,2022-02-04 00:25:37.523233
67,l4aa,", has new scan date recorded, 2021-11-07",2022-02-04 00:25:37.523233
68,5m0d, found,2022-02-04 00:25:37.523233
69,5m0d,", has new scan date recorded, 2021-11-07",2022-02-04 00:25:37.523233
70,5lzu, found,2022-02-04 00:25:37.523233
71,5lzu,", has new scan date recorded, 2021-11-07",2022-02-04 00:25:37.523233
72,5m2o, found,2022-02-04 00:25:37.523233
73,5m2o,", has new scan date recorded, 2021-11-07",2022-02-04 00:25:37.523233
74,l4da, found,2022-02-04 00:25:37.523233
75,l4da,", has new scan date recorded, 2021-11-07",2022-02-04 00:25:37.523233
76,l4e3, found,2022-02-04 00:25:37.523233
77,l4e3,", has new scan date recorded, 2021-11-07",2022-02-04 00:25:37.523233
78,5lzc, found,2022-02-04 00:25:37.523233
79,5lzc,", has new scan date recorded, 2021-11-07",2022-02-04 00:25:37.523233
80,l4i6, found,2022-02-04 00:25:37.523233
81,l4i6,", has new scan date recorded, 2021-11-07",2022-02-04 00:25:37.523233
82,f3t5, found,2022-02-04 00:25:37.523233
83,f3t5,", has new scan date recorded, 2021-11-07",2022-02-04 00:25:37.523233
84,5lyr, found,2022-02-04 00:25:37.523233
85,5lyr,", has new scan date recorded, 2021-11-07",2022-02-04 00:25:37.523233
86,3rt1, found,2022-02-04 00:25:37.523233
87,3rt1,", has new scan date recorded, 2021-11-07",2022-02-04 00:25:37.523233
88,5ly6, found,2022-02-04 00:25:37.523233
89,5ly6,", has new scan date recorded, 2021-11-07",2022-02-04 00:25:37.523233
90,5m0o, found,2022-02-04 00:25:37.523233
91,5m0o,", has new scan date recorded, 2021-11-07",2022-02-04 00:25:37.523233
92,5lyv, found,2022-02-04 00:25:37.523233
93,5lyv,", has new scan date recorded, 2021-11-07",2022-02-04 00:25:37.523233
94,l4ai, found,2022-02-04 00:25:37.523233
95,l4ai,", already has scan date recorded for, 2021-11-07",2022-02-04 00:25:37.523233
96,l4ad, found,2022-02-04 00:25:37.523233
97,l4ad,", has new scan date recorded, 2021-11-07",2022-02-04 00:25:37.523233
98,l4g0, found,2022-02-04 00:25:37.523233
99,l4g0,", has new scan date recorded, 2021-11-07",2022-02-04 00:25:37.523233
100,l4a8, found,2022-02-04 00:25:37.523233
101,l4a8,", has new scan date recorded, 2021-11-07",2022-02-04 00:25:37.523233
102,5m3p, found,2022-02-04 00:25:37.523233
103,5m3p,", has new scan date recorded, 2021-11-07",2022-02-04 00:25:37.523233
104,l4g2, found,2022-02-04 00:25:37.523233
105,l4g2,", has new scan date recorded, 2021-11-07",2022-02-04 00:25:37.523233
106,l4g1, found,2022-02-04 00:25:37.523233
107,l4g1,", has new scan date recorded, 2021-11-07",2022-02-04 00:25:37.523233
108,aokh, found,2022-02-04 00:25:37.523233
109,aokh,", has new scan date recorded, 2021-11-07",2022-02-04 00:25:37.523233
110,bq4u, found,2022-02-04 00:25:37.523233
111,bq4u,", has new scan date recorded, 2021-11-07",2022-02-04 00:25:37.523233
112,gdzu, found,2022-02-04 00:25:37.523233
113,gdzu,", has new scan date recorded, 2021-11-07",2022-02-04 00:25:37.523233
114,bq4r, found,2022-02-04 00:25:37.523233
115,bq4r,", has new scan date recorded, 2021-11-07",2022-02-04 00:25:37.523233
116,l4ij, found,2022-02-04 00:25:37.523233
117,l4ij,", has new scan date recorded, 2021-11-07",2022-02-04 00:25:37.523233
118,ap9c, found,2022-02-04 00:25:37.523233
119,ap9c,", has new scan date recorded, 2021-11-07",2022-02-04 00:25:37.523233
120,keei, found,2022-02-04 00:25:37.523233
121,5m1e, found,2022-02-04 00:25:37.523233
122,5m1e,", has new scan date recorded, 2021-11-07",2022-02-04 00:25:37.523233
123,5m1f, found,2022-02-04 00:25:37.523233
124,5m1f,", has new scan date recorded, 2021-11-07",2022-02-04 00:25:37.523233
125,5m2r, found,2022-02-04 00:25:37.523233
126,5m2r,", has new scan date recorded, 2021-11-07",2022-02-04 00:25:37.523233
127,keek, found,2022-02-04 00:25:37.523233
128,5m1g, found,2022-02-04 00:25:37.523233
129,5m1g,", has new scan date recorded, 2021-11-07",2022-02-04 00:25:37.523233
130,l49w, found,2022-02-04 00:25:37.523233
131,l49w,", has new scan date recorded, 2021-11-07",2022-02-04 00:25:37.523233
132,5m1y, found,2022-02-04 00:25:37.523233
133,5m1y,", has new scan date recorded, 2021-11-07",2022-02-04 00:25:37.523233
134,5m1d, found,2022-02-04 00:25:37.523233
135,5m1d,", has new scan date recorded, 2021-11-07",2022-02-04 00:25:37.523233
136,5lwt, found,2022-02-04 00:25:37.523233
137,5lwt,", has new scan date recorded, 2021-11-07",2022-02-04 00:25:37.523233
138,5m1x, found,2022-02-04 00:25:37.523233
139,5m1x,", has new scan date recorded, 2021-11-07",2022-02-04 00:25:37.523233
140,l49u, found,2022-02-04 00:25:37.523233
141,l49u,", has new scan date recorded, 2021-11-07",2022-02-04 00:25:37.523233
142,keej, found,2022-02-04 00:25:37.523233
143,l49t, found,2022-02-04 00:25:37.523233
144,l49t,", has new scan date recorded, 2021-11-07",2022-02-04 00:25:37.523233
145,5m2p, found,2022-02-04 00:25:37.523233
146,5m2p,", has new scan date recorded, 2021-11-07",2022-02-04 00:25:37.523233
147,5m1h, found,2022-02-04 00:25:37.523233
148,5m1h,", has new scan date recorded, 2021-11-07",2022-02-04 00:25:37.523233
149,l4ii, found,2022-02-04 00:25:37.523233
150,l4ii,", has new scan date recorded, 2021-11-07",2022-02-04 00:25:37.523233
151,aosi, found,2022-02-04 00:25:37.523233
152,aosi,", has new scan date recorded, 2021-11-07",2022-02-04 00:25:37.523233
153,5m1c, found,2022-02-04 00:25:37.523233
154,5m1c,", has new scan date recorded, 2021-11-07",2022-02-04 00:25:37.523233
